Department Baru,Team Baru,Aplikasi,Application Owner,Platform Owner,Kritikalis 2025,Nama SAD/Squad Lead,Keterangan,Support 24h,Target 24h,,,,,
Core Development Department,CDP,CARDLINK,CDD,APP,Very High,Yudistira /Witono S,Target Dismentle,,,,,,,
Core Development Department,CDP,Credit Card Portal: EMS,#N/A,#N/A,#N/A,Elisa Julie Irianti S.,"Target Dismentle, belum terdaftar Kritikalitas Apps 2025",,,,,,,
Core Development Department,CDP,3ds Enrollment,CDD,APP,High,Fahmi Nashir Nazzala,,,, ,,,,
Core Development Department,CDP,BRI Ecopay,CDD,APP,Medium,Deny Prasetyo,,,,,,,,
Core Development Department,CDP,BRICARD,#N/A,#N/A,#N/A,Adib Adipraditya,belum terdaftar Kritikalitas Apps 2025,,,,,,,
Core Development Department,CDP,BRIZZI Core System,DRB,APP,Critical,Muhammad Reyhan,,,,,,,,
Core Development Department,CDP,CAMS (Card Management System),RFG,APP,Critical,Adib Adipraditya,,,,,,,,
Core Development Department,CDP,CAMS (Card Management System) BRITL,INT,APP,Medium,Adib Adipraditya,,,,,,,,
Core Development Department,CDP,Card Pro,COG,APP,High,Adib Adipraditya,,,,,,,,
Core Development Department,CDP,Credit Card Portal,CDD,APP,Medium,Devri Haryanto Manullang,,,,,,,,
Core Development Department,CDP,Credit Card Portal: CASS,#N/A,#N/A,#N/A,Elisa Julie Irianti S.,belum terdaftar Kritikalitas Apps 2025,,,,,,,
Core Development Department,CDP,Credit Card Portal: CMS (Chargeback Management System),#N/A,#N/A,#N/A,,belum terdaftar Kritikalitas Apps 2025,,,"discontinue, absorb to way4",,,,
Core Development Department,CDP,Credit Card Portal: CSAP,#N/A,#N/A,#N/A,Deny Prasetyo,belum terdaftar Kritikalitas Apps 2025,,,,,,,
Core Development Department,CDP,Credit Card Portal: DTS,#N/A,#N/A,#N/A,Elisa Julie Irianti S.,belum terdaftar Kritikalitas Apps 2025,,,,,,,
Core Development Department,CDP,Credit Card Portal: Installment,#N/A,#N/A,#N/A,Deny Prasetyo,belum terdaftar Kritikalitas Apps 2025,,,,,,,
Core Development Department,CDP,Credit Card Portal: L-MEN,#N/A,#N/A,#N/A,Elisa Julie Irianti S.,belum terdaftar Kritikalitas Apps 2025,,,,,,,
Core Development Department,CDP,Credit Card Portal: MSS (Marketing Support System),#N/A,#N/A,#N/A,Deny Prasetyo,belum terdaftar Kritikalitas Apps 2025,,,,,,,
Core Development Department,CDP,Credit Card Portal: NOTIF,#N/A,#N/A,#N/A,Elisa Julie Irianti S.,belum terdaftar Kritikalitas Apps 2025,,,,,,,
Core Development Department,CDP,Credit Card Portal: POM (Portal Operation & Monitoring),#N/A,#N/A,#N/A,,belum terdaftar Kritikalitas Apps 2025,,,"discontinue, absorb to way4",,,,
Core Development Department,CDP,Credit Card Portal: RMS (Reward Management System),#N/A,#N/A,#N/A,,belum terdaftar Kritikalitas Apps 2025,,,"discontinue, absorb to way4",,,,
Core Development Department,CDP,Credit Card Portal: SPT,#N/A,#N/A,#N/A,Deny Prasetyo,belum terdaftar Kritikalitas Apps 2025,,,,,,,
Core Development Department,CDP,CSS (Cardlink Support System),#N/A,#N/A,#N/A,,belum terdaftar Kritikalitas Apps 2025,,,"discontinue, absorb to way4",,,,
Core Development Department,CDP,Dashboard Digital Signature,#N/A,#N/A,#N/A,Devri Haryanto Manullang,belum terdaftar Kritikalitas Apps 2025,,,,,,,
Core Development Department,CDP,LOS (Loan Origination System),CDD,APP,Very High,Devri Haryanto Manullang,,,,,,,,
Core Development Department,CDP,Ocean : Issuing,#N/A,#N/A,#N/A,Fahmi Nashir Nazzala,belum terdaftar Kritikalitas Apps 2025,,,,,,,
Core Development Department,CDP,Portal BRIZZI,#N/A,#N/A,#N/A,Muhammad Reyhan,belum terdaftar Kritikalitas Apps 2025,,,,,,,
Core Development Department,CDP,BRI Credit Card Mobile,CDD,APP,High,Deny Prasetyo,target dismantle,,,,,,,
Core Development Department,CDP,Visa Cybersource,DRB,APP,Very High,,,,,ini DCP,,,,
Core Development Department,CDP,"Credit Card Portal: MPays --> to be disposed, pindah ke MPays 2.0",#N/A,#N/A,#N/A,,"Target Dismantle, belum terdaftar Kritikalitas Apps 2025",,,ini DCP,,,,
Core Development Department,CDP,MKP (Manajemen Kartu Polri),#N/A,#N/A,#N/A,,"cetak kartu, masuk dalam cardpro CDP,belum terdaftar Kritikalitas Apps 2025",,,,,,,
Core Development Department,ORP,D-Nets BRITL,INT,APP,Critical,Purwanugraha,,,,,,,,
Core Development Department,ORP,Fedline Advantage BRINY,INT,APP,High,Nofratilova Purba,"note ORP: aplikasi berupa portal dari Bank Central, tidak ada aplikasi di DC BRI",,,,,,,
Core Development Department,ORP,Overseas Branch Support System,#N/A,#N/A,#N/A,Purwanugraha,belum terdaftar Kritikalitas Apps 2025,,,,,,,
Core Development Department,ORP,Refinitiv (Reuters) BRISG,#N/A,#N/A,#N/A,Aristya Kusmanugraha,"belum terdaftar Kritikalitas Apps 2025

note ORP: aplikasi terminal di PC backoffice UKLN, tidak ada aplikasi di DC BRI",,,,,,,
Core Development Department,ORP,Surety,#N/A,#N/A,#N/A,Nofratilova Purba,belum terdaftar Kritikalitas Apps 2025,,,,,,,
Core Development Department,ORP,SWIFT Alliance Access BRISG,INT,APP,Very High,Murdoko,,,,,,,,
Core Development Department,ORP,SWIFT Alliance Access BRITW,INT,APP,Very High,Murdoko,,,,,,,,
Core Development Department,ORP,SWIFT BRINY,INT,APP,Very High,Murdoko,,,,,,,,
Core Development Department,ORP,SWIFT: OFAC UKLN,INT,APP,Very High,Murdoko,,,,,,,,
Core Development Department,ORP,T24 BRISG,INT,APP,Critical,Aristya Kusmanugraha / Nofratilova Purba,,,,,,,,
Core Development Department,ORP,T24 BRITW,INT,APP,Critical,Aristya Kusmanugraha / Nofratilova Purba,,,,,,,,
Core Development Department,ORP,T24 BRINY,INT,APP,Critical,Aristya Kusmanugraha / Nofratilova Purba,,,,,,,,
Core Development Department,PCB,BRIDyna,CBS,APP,High,,,,,,,,,
Core Development Department,PCB,BRINETS,APP,APS,Critical,,,,,,,,,
Core Development Department,PCB,BRINETS Support System,OPX,APP,Very High,,,,,,,,,
Core Development Department,PCB,Ceria,CDD,APP,Very High,,,,,,,,,
Core Development Department,PCB,GL Interface,#N/A,#N/A,#N/A,,belum terdaftar Kritikalitas Apps 2025,,,,,,,
Core Development Department,PCB,GL Protect,#N/A,#N/A,#N/A,,belum terdaftar Kritikalitas Apps 2025,,,,,,,
Core Development Department,PCB,KMK WA Management,#N/A,#N/A,#N/A,,belum terdaftar Kritikalitas Apps 2025,,,,,,,
Core Development Department,PCB,NAS (New Account Sweep),WTR,APP,High,,,,,,,,,
Core Development Department,PCB,New ARS (Automatic Rate Scheduling),CSL,APP,High,,,,,,,,,
Core Development Department,PCB,SIBS (Silverlake Integrated Banking System),APP,APS,High,,,,,,,,,
Corporate & Outlet Delivery Development Department,CIP,PBB Online,DRB,APP,High,,Punya CIP,,,,,,,
Corporate & Outlet Delivery Development Department,CIP,H2H Pelindo,WTR,APP,Very High,,Punya CIP,,,,,,,
Corporate & Outlet Delivery Development Department,CIP,BPDP Sawit,INS,APP,High,,,,,,,,,
Corporate & Outlet Delivery Development Department,CIP,BRIAS Gen 2,INS,APP,Very High,,,,,,,,,
Corporate & Outlet Delivery Development Department,CIP,BRIPENS,INS,APP,Very High,,,,,,,,,
Corporate & Outlet Delivery Development Department,CIP,BRISTOP,#N/A,#N/A,#N/A,,belum terdaftar Kritikalitas Apps 2025,,,,,,,
Corporate & Outlet Delivery Development Department,CIP,BRICoretax,#N/A,#N/A,#N/A,,belum terdaftar Kritikalitas Apps 2025,,,,,,,
Corporate & Outlet Delivery Development Department,CIP,Dashboard PIP Kemenag,#N/A,#N/A,#N/A,,belum terdaftar Kritikalitas Apps 2025,,,,,,,
Corporate & Outlet Delivery Development Department,CIP,Dashboard PIP Kemendikbud,#N/A,#N/A,#N/A,,belum terdaftar Kritikalitas Apps 2025,,,,,,,
Corporate & Outlet Delivery Development Department,CIP,Dashboard VA Kementerian,#N/A,#N/A,#N/A,,belum terdaftar Kritikalitas Apps 2025,,,,,,,
Corporate & Outlet Delivery Development Department,CIP,Digipay002,#N/A,#N/A,#N/A,,tidak lanjut,,,,,,,
Corporate & Outlet Delivery Development Department,CIP,e-Tax,#N/A,#N/A,#N/A,,"tidak pernah ada dev, sourcecode tdk ada",,,,,,,
Corporate & Outlet Delivery Development Department,CIP,Government Support System,#N/A,#N/A,#N/A,,belum terdaftar Kritikalitas Apps 2025,,,,,,,
Corporate & Outlet Delivery Development Department,CIP,H2H ASABRI,#N/A,#N/A,#N/A,,belum terdaftar Kritikalitas Apps 2025,,,,,,,
Corporate & Outlet Delivery Development Department,CIP,H2H BPJS Kesehatan,INS,APP,Medium,,,,,,,,,
Corporate & Outlet Delivery Development Department,CIP,H2H BPJS Ketenagakerjaan,INS,APP,Very High,,,,,,,,,
Corporate & Outlet Delivery Development Department,CIP,H2H OJK,INS,APP,Very High,,,,,,,,,
Corporate & Outlet Delivery Development Department,CIP,LPDP Backend System,INS,APP,Medium,,tidak digunakan,,,,,,,
Corporate & Outlet Delivery Development Department,CIP,LPS Klaim,INS,APP,Medium,,,,,,,,,
Corporate & Outlet Delivery Development Department,CIP,MPN Gen 2,INS,APP,Critical,,,,,,,,,
Corporate & Outlet Delivery Development Department,CIP,Nelayan Sejahtera (Kartu Nelayan),SEI,APP,Medium,,,,,,,,,
Corporate & Outlet Delivery Development Department,CIP,PIP,INS,APP,Very High,,,,,,,,,
Corporate & Outlet Delivery Development Department,CIP,Portal Bansos & Makna,#N/A,#N/A,#N/A,,belum terdaftar Kritikalitas Apps 2025,,,,,,,
Corporate & Outlet Delivery Development Department,CIP,Portal BPUM,SEI,APP,Medium,,,,,,,,,
Corporate & Outlet Delivery Development Department,CIP,SIMPI (Kartu Tani),#N/A,#N/A,#N/A,,"sudah tdk digunakan, akan diajukan disposal",,,,,,,
Corporate & Outlet Delivery Development Department,CIP,SPAN,INS,APP,Very High,,,,,,,,,
Corporate & Outlet Delivery Development Department,CIP,VOA Reporting,#N/A,#N/A,#N/A,,belum terdaftar Kritikalitas Apps 2025,,,,,,,
Corporate & Outlet Delivery Development Department,CIP,H2H ASDP,WTR,APP,High,,belum pernah ada dev di cip,,,,,,,
Corporate & Outlet Delivery Development Department,CIP,H2H Auto Collection Pertamina,WTR,APP,Very High,,,,,,,,,
Corporate & Outlet Delivery Development Department,CIP,H2H DO Pertamina,WTR,APP,Very High,,,,,,,,,
Corporate & Outlet Delivery Development Department,CIP,H2H KAI,WTR,APP,Very High,,,,,,,,,
Corporate & Outlet Delivery Development Department,CIP,H2H Payroll Pertamina,WTR,APP,High,,,,,,,,,
Corporate & Outlet Delivery Development Department,CIP,H2H Pegadaian,WTR,APP,Very High,,,,,,,,,
Corporate & Outlet Delivery Development Department,CIP,H2H Petrokimia Gresik Distributor Financing,WTR,APP,Medium,,,,,,,,,
Corporate & Outlet Delivery Development Department,CIP,H2H Pupuk Indonesia,WTR,APP,Very High,,,,,,,,,
Corporate & Outlet Delivery Development Department,CIP,H2H Pusri,WTR,APP,Very High,,,,,,,,,
Corporate & Outlet Delivery Development Department,CIP,H2H Semen Indonesia,WTR,APP,Very High,,,,,,,,,
Corporate & Outlet Delivery Development Department,CIP,H2H Payroll KAI,#N/A,#N/A,#N/A,,belum terdaftar Kritikalitas Apps 2025,,,,,,,
Corporate & Outlet Delivery Development Department,CIP,KPRS,#N/A,#N/A,#N/A,,terakhir dev 2024,,,,,,,
Corporate & Outlet Delivery Development Department,CIP,H2H Kominfo,INS,APP,High,,,,,,,,,
Corporate & Outlet Delivery Development Department,CIP,NLE (National Logistik Ekosistem),#N/A,#N/A,#N/A,,belum terdaftar Kritikalitas Apps 2025,,,,,,,
Corporate & Outlet Delivery Development Department,CIP,Babetarum,#N/A,#N/A,#N/A,,sudah ditutup di portal sso dan NDS,,,,,,,
Corporate & Outlet Delivery Development Department,CIP,Payment Outgoing Pertamina,#N/A,#N/A,#N/A,,belum terdaftar Kritikalitas Apps 2025,,,,,,,
Corporate & Outlet Delivery Development Department,CIP,New Info Lelang,WSR,APP,High,,,,,,,,,
Corporate & Outlet Delivery Development Department,HCP,BASIC (BRILiaN Assistance Center),HCS,APP,Medium,Reza Aprilia Arshanty/Danny Dwi Irwanto,,,,,,,,
Corporate & Outlet Delivery Development Department,HCP,BRIHC,HCS,APP,Very High,Agung Wahyu Nugroho/Airlangga Rasyad Fidiyanto,,,,,,,,
Corporate & Outlet Delivery Development Department,HCP,Brilian Apps,HCS,APP,Medium,Agung Wahyu Nugroho/Mukhammad Arifin,,,,,,,,
Corporate & Outlet Delivery Development Department,HCP,BRISmart,HCS,APP,High,Agung Luthfian Septiyaji/Dean Ahmad Tristan,,,,,,,,
Corporate & Outlet Delivery Development Department,HCP,BRIStars,#N/A,#N/A,#N/A,-,belum terdaftar Kritikalitas Apps 2025,,,,,,,
Corporate & Outlet Delivery Development Department,HCP,BRIStars Mobile,#N/A,#N/A,#N/A,-,belum terdaftar Kritikalitas Apps 2025,,,,,,,
Corporate & Outlet Delivery Development Department,HCP,BRIStars: Apolo,#N/A,#N/A,#N/A,Agung Wahyu Nugroho/Airlangga Rasyad Fidiyanto,belum terdaftar Kritikalitas Apps 2025,,,,,,,
Corporate & Outlet Delivery Development Department,HCP,BRIStars: Bonus Pool,#N/A,#N/A,#N/A,Reza Aprilia Arshanty/Danny Dwi Irwanto,belum terdaftar Kritikalitas Apps 2025,,,,,,,
Corporate & Outlet Delivery Development Department,HCP,BRIStars: BRIFUN,#N/A,#N/A,#N/A,Agung Wahyu Nugroho/Mukhammad Arifin,belum terdaftar Kritikalitas Apps 2025,,,,,,,
Corporate & Outlet Delivery Development Department,HCP,BRIStars: Brilian Onboarding System,#N/A,#N/A,#N/A,Agung Wahyu Nugroho/Mukhammad Arifin,belum terdaftar Kritikalitas Apps 2025,,,,,,,
Corporate & Outlet Delivery Development Department,HCP,BRIStars: BRILLIANCE Admin,#N/A,#N/A,#N/A,Reza Aprilia Arshanty/Danny Dwi Irwanto,belum terdaftar Kritikalitas Apps 2025,,,,,,,
Corporate & Outlet Delivery Development Department,HCP,BRIStars: Brilliance Aspirasi,#N/A,#N/A,#N/A,Reza Aprilia Arshanty/Danny Dwi Irwanto,belum terdaftar Kritikalitas Apps 2025,,,,,,,
Corporate & Outlet Delivery Development Department,HCP,BRIStars: Content Management System,#N/A,#N/A,#N/A,Agung Wahyu Nugroho/Mukhammad Arifin,belum terdaftar Kritikalitas Apps 2025,,,,,,,
Corporate & Outlet Delivery Development Department,HCP,BRIStars: COP (Car Ownership Program),#N/A,#N/A,#N/A,Agung Luthfian Septiyaji/Emmanoel Pratama Putra Hastono ,belum terdaftar Kritikalitas Apps 2025,,,,,,,
Corporate & Outlet Delivery Development Department,HCP,BRIStars: Corporate Culture,#N/A,#N/A,#N/A,Agung Luthfian Septiyaji/Emmanoel Pratama Putra Hastono ,belum terdaftar Kritikalitas Apps 2025,,,,,,,
Corporate & Outlet Delivery Development Department,HCP,BRIStars: Dashboard Pinca,#N/A,#N/A,#N/A,Agung Wahyu Nugroho/Mukhammad Arifin,belum terdaftar Kritikalitas Apps 2025,,,,,,,
Corporate & Outlet Delivery Development Department,HCP,BRIStars: Digimoo (Digital Promosi),#N/A,#N/A,#N/A,Agung Wahyu Nugroho/Mukhammad Arifin,belum terdaftar Kritikalitas Apps 2025,,,,,,,
Corporate & Outlet Delivery Development Department,HCP,BRIStars: Digital Agreement,#N/A,#N/A,#N/A,Reza Aprilia Arshanty/Danny Dwi Irwanto,belum terdaftar Kritikalitas Apps 2025,,,,,,,
Corporate & Outlet Delivery Development Department,HCP,BRIStars: Digital Assesment,#N/A,#N/A,#N/A,Reza Aprilia Arshanty/Danny Dwi Irwanto,belum terdaftar Kritikalitas Apps 2025,,,,,,,
Corporate & Outlet Delivery Development Department,HCP,BRIStars: Digital Office,#N/A,#N/A,#N/A,Agung Luthfian Septiyaji/Emmanoel Pratama Putra Hastono ,belum terdaftar Kritikalitas Apps 2025,,,,,,,
Corporate & Outlet Delivery Development Department,HCP,BRIStars: Digital Office BoC,#N/A,#N/A,#N/A,Agung Luthfian Septiyaji/Emmanoel Pratama Putra Hastono ,belum terdaftar Kritikalitas Apps 2025,,,,,,,
Corporate & Outlet Delivery Development Department,HCP,BRIStars: Digital Performance Assistant (DPA),#N/A,#N/A,#N/A,Agung Wahyu Nugroho/Mukhammad Arifin,belum terdaftar Kritikalitas Apps 2025,,,,,,,
Corporate & Outlet Delivery Development Department,HCP,BRIStars: Digitalisasi Kenaikan PG,#N/A,#N/A,#N/A,Agung Wahyu Nugroho/Mukhammad Arifin,belum terdaftar Kritikalitas Apps 2025,,,,,,,
Corporate & Outlet Delivery Development Department,HCP,BRIStars: E-Cuti,#N/A,#N/A,#N/A,Agung Wahyu Nugroho/Mukhammad Arifin,belum terdaftar Kritikalitas Apps 2025,,,,,,,
Corporate & Outlet Delivery Development Department,HCP,BRIStars: E-Cuti Pekerja Kontrak,#N/A,#N/A,#N/A,Agung Wahyu Nugroho/Mukhammad Arifin,belum terdaftar Kritikalitas Apps 2025,,,,,,,
Corporate & Outlet Delivery Development Department,HCP,BRIStars: e-Pensiun,#N/A,#N/A,#N/A,Reza Aprilia Arshanty/Danny Dwi Irwanto,belum terdaftar Kritikalitas Apps 2025,,,,,,,
Corporate & Outlet Delivery Development Department,HCP,BRIStars: E-SPJ,#N/A,#N/A,#N/A,Agung Wahyu Nugroho/Mukhammad Arifin,belum terdaftar Kritikalitas Apps 2025,,,,,,,
Corporate & Outlet Delivery Development Department,HCP,BRIStars: ESA Confirmation,#N/A,#N/A,#N/A,Agung Wahyu Nugroho/Mukhammad Arifin,belum terdaftar Kritikalitas Apps 2025,,,,,,,
Corporate & Outlet Delivery Development Department,HCP,BRIStars: ESOP,#N/A,#N/A,#N/A,Agung Wahyu Nugroho/Mukhammad Arifin,belum terdaftar Kritikalitas Apps 2025,,,,,,,
Corporate & Outlet Delivery Development Department,HCP,BRIStars: HC Metrics and Analytics,#N/A,#N/A,#N/A,Agung Wahyu Nugroho/Mukhammad Arifin,belum terdaftar Kritikalitas Apps 2025,,,,,,,
Corporate & Outlet Delivery Development Department,HCP,BRIStars: Izin Pekerja,#N/A,#N/A,#N/A,Agung Luthfian Septiyaji/Emmanoel Pratama Putra Hastono ,belum terdaftar Kritikalitas Apps 2025,,,,,,,
Corporate & Outlet Delivery Development Department,HCP,BRIStars: KINOS (Evaluasi Kinerja Pekerja Outsourcing),#N/A,#N/A,#N/A,Reza Aprilia Arshanty/Danny Dwi Irwanto,belum terdaftar Kritikalitas Apps 2025,,,,,,,
Corporate & Outlet Delivery Development Department,HCP,BRIStars: Lembur,#N/A,#N/A,#N/A,Reza Aprilia Arshanty/Danny Dwi Irwanto,belum terdaftar Kritikalitas Apps 2025,,,,,,,
Corporate & Outlet Delivery Development Department,HCP,BRIStars: Medical Facility,#N/A,#N/A,#N/A,Agung Luthfian Septiyaji/Emmanoel Pratama Putra Hastono ,belum terdaftar Kritikalitas Apps 2025,,,,,,,
Corporate & Outlet Delivery Development Department,HCP,BRIStars: Monitoring Masa Kerja,#N/A,#N/A,#N/A,Reza Aprilia Arshanty/Danny Dwi Irwanto,belum terdaftar Kritikalitas Apps 2025,,,,,,,
Corporate & Outlet Delivery Development Department,HCP,BRIStars: MyCore,#N/A,#N/A,#N/A,Reza Aprilia Arshanty/Danny Dwi Irwanto,belum terdaftar Kritikalitas Apps 2025,,,,,,,
Corporate & Outlet Delivery Development Department,HCP,BRIStars: Notification Center,#N/A,#N/A,#N/A,Agung Wahyu Nugroho/Airlangga Rasyad Fidiyanto,belum terdaftar Kritikalitas Apps 2025,,,,,,,
Corporate & Outlet Delivery Development Department,HCP,BRIStars: Organization Dashboard,#N/A,#N/A,#N/A,Reza Aprilia Arshanty/Danny Dwi Irwanto,belum terdaftar Kritikalitas Apps 2025,,,,,,,
Corporate & Outlet Delivery Development Department,HCP,BRIStars: Organization Development,#N/A,#N/A,#N/A,Reza Aprilia Arshanty/Danny Dwi Irwanto,belum terdaftar Kritikalitas Apps 2025,,,,,,,
Corporate & Outlet Delivery Development Department,HCP,BRIStars: Pengembangan Karir,#N/A,#N/A,#N/A,Agung Wahyu Nugroho/Airlangga Rasyad Fidiyanto,belum terdaftar Kritikalitas Apps 2025,,,,,,,
Corporate & Outlet Delivery Development Department,HCP,BRIStars: Performance Bootcamp,#N/A,#N/A,#N/A,Agung Wahyu Nugroho/Mukhammad Arifin,belum terdaftar Kritikalitas Apps 2025,,,,,,,
Corporate & Outlet Delivery Development Department,HCP,BRIStars: PHK APS,#N/A,#N/A,#N/A,Reza Aprilia Arshanty/Danny Dwi Irwanto,belum terdaftar Kritikalitas Apps 2025,,,,,,,
Corporate & Outlet Delivery Development Department,HCP,BRIStars: Portal Hubungan Industrial,#N/A,#N/A,#N/A,Reza Aprilia Arshanty/Danny Dwi Irwanto,belum terdaftar Kritikalitas Apps 2025,,,,,,,
Corporate & Outlet Delivery Development Department,HCP,BRIStars: Sister (Sistem Pembayaran Terintegrasi),#N/A,#N/A,#N/A,Reza Aprilia Arshanty/Danny Dwi Irwanto,belum terdaftar Kritikalitas Apps 2025,,,,,,,
Corporate & Outlet Delivery Development Department,HCP,BRIStars: SIVABRI,#N/A,#N/A,#N/A,Reza Aprilia Arshanty/Danny Dwi Irwanto,belum terdaftar Kritikalitas Apps 2025,,,,,,,
Corporate & Outlet Delivery Development Department,HCP,BRIStars: Tanda Jasa,#N/A,#N/A,#N/A,Agung Wahyu Nugroho/Airlangga Rasyad Fidiyanto,belum terdaftar Kritikalitas Apps 2025,,,,,,,
Corporate & Outlet Delivery Development Department,HCP,BRIStars: TOTP,#N/A,#N/A,#N/A,Agung Wahyu Nugroho/Airlangga Rasyad Fidiyanto,belum terdaftar Kritikalitas Apps 2025,,,,,,,
Corporate & Outlet Delivery Development Department,HCP,BRIStars: Workflow,#N/A,#N/A,#N/A,Agung Wahyu Nugroho/Airlangga Rasyad Fidiyanto,belum terdaftar Kritikalitas Apps 2025,,,,,,,
Corporate & Outlet Delivery Development Department,HCP,Digital Office BRIGROUP,HCS,APP,Medium,Agung Luthfian Septiyaji/Emmanoel Pratama Putra Hastono ,,,,,,,,
Corporate & Outlet Delivery Development Department,HCP,E-Recruitement,#N/A,#N/A,#N/A,Agung Wahyu Nugroho/Mukhammad Arifin,belum terdaftar Kritikalitas Apps 2025,,,,,,,
Corporate & Outlet Delivery Development Department,HCP,Human Capital Data Services,HCS,APP,Very High,Agung Wahyu Nugroho/Airlangga Rasyad Fidiyanto,,,,,,,,
Corporate & Outlet Delivery Development Department,HCP,SIPOBRI (Sistem Informasi Pengelolaan Pekerja Outsourcing),HSC,APP,Medium,Reza Aprilia Arshanty/Danny Dwi Irwanto,,,,,,,,
Corporate & Outlet Delivery Development Department,HCP,SMK Online Terintegrasi,#N/A,#N/A,#N/A,Reza Aprilia Arshanty/Danny Dwi Irwanto,belum terdaftar Kritikalitas Apps 2025,,,,,,,
Corporate & Outlet Delivery Development Department,ODP,BRIGold (Britama Bisnis),#N/A,#N/A,#N/A,,belum terdaftar Kritikalitas Apps 2025,,,,,,,
Corporate & Outlet Delivery Development Department,ODP,BRIMitra,MBD,APP,High,,,,,,,,,
Corporate & Outlet Delivery Development Department,ODP,BRISTACK,COG,APP,Medium,,,,,,,,,
Corporate & Outlet Delivery Development Department,OTP,Koreksi Biaya dan Pendapatan (KBP),#N/A,#N/A,#N/A,,belum terdaftar Kritikalitas Apps 2025,,,,,,,
Corporate & Outlet Delivery Development Department,ODP,Pergeseran Kas,#N/A,#N/A,#N/A,,belum terdaftar Kritikalitas Apps 2025,,,,,,,
Corporate & Outlet Delivery Development Department,ODP,Simpedes Impian,#N/A,#N/A,#N/A,,belum terdaftar Kritikalitas Apps 2025,,,,,,,
Corporate & Outlet Delivery Development Department,ODP,SVS (Signature Verification System) - Upcoming BVP,#N/A,#N/A,#N/A,,belum terdaftar Kritikalitas Apps 2025,,,,,,,
Corporate & Outlet Delivery Development Department,ODP,WBS (Web Banking System),RFG,APP,High,,,,,,,,,
Corporate & Outlet Delivery Development Department,"ODP, OTP",NDS (New Delivery System),OPX,APP,Critical,,,,,,,,,
Corporate & Outlet Delivery Development Department,ONP,Ops Console,COG,APP,Very High,,Move dari CCP ke ONP,,,,,,,
Corporate & Outlet Delivery Development Department,ONP,BRIStars: BRIMEN,#N/A,#N/A,#N/A,,belum terdaftar Kritikalitas Apps 2025,,,,,,,
Corporate & Outlet Delivery Development Department,ONP,BRIStars: Portal CRO (OPK),#N/A,#N/A,#N/A,,belum terdaftar Kritikalitas Apps 2025,,,,,,,
Corporate & Outlet Delivery Development Department,ONP,BRISURF,OPX,APP,Critical,,,,,,,,,
Corporate & Outlet Delivery Development Department,ONP,MITRA KERJASAMA,#N/A,#N/A,#N/A,,belum terdaftar Kritikalitas Apps 2025,,,,,,,
Corporate & Outlet Delivery Development Department,OTP,BRI Mass Account Opening,#N/A,#N/A,#N/A,,belum terdaftar Kritikalitas Apps 2025,,,,,,,
Corporate & Outlet Delivery Development Department,OTP,BRI MASS DEBET,#N/A,#N/A,#N/A,,belum terdaftar Kritikalitas Apps 2025,,,,,,,
Corporate & Outlet Delivery Development Department,OTP,BRI Mass Pro,COG,APP,Very High,,,,,,,,,
Corporate & Outlet Delivery Development Department,OTP,FlagShip Branch,DOP,APP,High,,,,,,,,,
Corporate & Outlet Delivery Development Department,OTP,Mass Credit,#N/A,#N/A,#N/A,,belum terdaftar Kritikalitas Apps 2025,,,,,,,
Corporate & Outlet Delivery Development Department,OTP,Mass Credit Subsidy,MBD,APP,Medium,,,,,,,,,
Corporate & Outlet Delivery Development Department,OTP,TOB (Transfer of Branch),#N/A,#N/A,#N/A,,belum terdaftar Kritikalitas Apps 2025,,,,,,,
Corporate & Outlet Delivery Development Department,OTP,Money Changer,INT,APP,Very High,,,,,,,,,
Corporate & Outlet Delivery Development Department,OTP,PIS (Payroll Integrated System),RFG,APP,High,,,,,,,,,
Corporate & Outlet Delivery Development Department,OTP,Portal SSO,#N/A,#N/A,#N/A,,belum terdaftar Kritikalitas Apps 2025,,,,,,,
Digital Ecosystem Development Department,BTP,BRILINK,#N/A,#N/A,#N/A,,belum terdaftar Kritikalitas Apps 2025,,,,,,,
Digital Ecosystem Development Department,BTP,BRILINKers,#N/A,#N/A,#N/A,,belum terdaftar Kritikalitas Apps 2025,,,,,,,
Digital Ecosystem Development Department,BTP,Web Keagenan (Portal Agen BRILink),#N/A,#N/A,#N/A,,belum terdaftar Kritikalitas Apps 2025,,,,,,,
Digital Ecosystem Development Department,CCP,BRIStars: BRIWork,#N/A,#N/A,#N/A,,Flexy Working Space,,,,,,,
Digital Ecosystem Development Department,CCP,BRIStars: Referral Tenaga Pemasar,#N/A,#N/A,#N/A,,Mass Funding Refferal System,,,,,,,
Digital Ecosystem Development Department,CCP,SBN Ritel Online,WMG,APP,High,,brilink,,,,,,,
Digital Ecosystem Development Department,CCP,E-Meterai,FMA,APP,Medium,,,,,,,,,
Digital Ecosystem Development Department,CCP,Avaya Platform,CEX,APP,High,,,,,,,,,
Digital Ecosystem Development Department,CCP,BRI EazyCash,COG,APP,Medium,,,,,,,,,
Digital Ecosystem Development Department,CCP,BRICARE,#N/A,#N/A,#N/A,,belum terdaftar Kritikalitas Apps 2025,,,,,,,
Digital Ecosystem Development Department,CCP,BRILOOK,CEX,APP,Medium,,,,,,,,,
Digital Ecosystem Development Department,CCP,BRIQIS (BRI Quality Integrated System),#N/A,#N/A,#N/A,,belum terdaftar Kritikalitas Apps 2025,,,,,,,
Digital Ecosystem Development Department,CCP,BRISOLUTION,#N/A,#N/A,#N/A,,belum terdaftar Kritikalitas Apps 2025,,,,,,,
Digital Ecosystem Development Department,CCP,BRIStars: BRI Product Management,#N/A,#N/A,#N/A,,belum terdaftar Kritikalitas Apps 2025,,,,,,,
Digital Ecosystem Development Department,CCP,BRIStars: BRIDIVAS (BRI Peduli Approval System),#N/A,#N/A,#N/A,,belum terdaftar Kritikalitas Apps 2025,,,,,,,
Digital Ecosystem Development Department,CCP,BRIStars: BRIFAMP,#N/A,#N/A,#N/A,,belum terdaftar Kritikalitas Apps 2025,,,,,,,
Digital Ecosystem Development Department,CCP,BRIStars: Briknow,#N/A,#N/A,#N/A,,belum terdaftar Kritikalitas Apps 2025,,,,,,,
Digital Ecosystem Development Department,CCP,BRIStars: Brilian News,#N/A,#N/A,#N/A,,belum terdaftar Kritikalitas Apps 2025,,,,,,,
Digital Ecosystem Development Department,CCP,BRIStars: BRITAXS,#N/A,#N/A,#N/A,,belum terdaftar Kritikalitas Apps 2025,,,,,,,
Digital Ecosystem Development Department,CCP,BRIStars: DIGIMON,#N/A,#N/A,#N/A,,belum terdaftar Kritikalitas Apps 2025,,,,,,,
Digital Ecosystem Development Department,CCP,BRIStars: E-Nego,#N/A,#N/A,#N/A,,belum terdaftar Kritikalitas Apps 2025,,,,,,,
Digital Ecosystem Development Department,CCP,BRIStars: Electronic Invoice,#N/A,#N/A,#N/A,,belum terdaftar Kritikalitas Apps 2025,,,,,,,
Digital Ecosystem Development Department,CCP,BRIStars: Klasifikasi & Pengukuran PSAK 71,#N/A,#N/A,#N/A,,belum terdaftar Kritikalitas Apps 2025,,,,,,,
Digital Ecosystem Development Department,CCP,BRIStars: Management Inventory Dashboard (MID),#N/A,#N/A,#N/A,,belum terdaftar Kritikalitas Apps 2025,,,,,,,
Digital Ecosystem Development Department,CCP,BRIStars: Online Submission Gugatan Sederhana (OSGS),#N/A,#N/A,#N/A,,belum terdaftar Kritikalitas Apps 2025,,,,,,,
Digital Ecosystem Development Department,CCP,BRIStars: Performance Management,#N/A,#N/A,#N/A,,belum terdaftar Kritikalitas Apps 2025,,,,,,,
Digital Ecosystem Development Department,CCP,BRIStars: Portal DJS (Monee),#N/A,#N/A,#N/A,,belum terdaftar Kritikalitas Apps 2025,,,,,,,
Digital Ecosystem Development Department,CCP,BRIStars: Portal Marcom,#N/A,#N/A,#N/A,,belum terdaftar Kritikalitas Apps 2025,,,,,,,
Digital Ecosystem Development Department,CCP,BRIStars: Portal NIK & NPWP,#N/A,#N/A,#N/A,,belum terdaftar Kritikalitas Apps 2025,,,,,,,
Digital Ecosystem Development Department,CCP,BRIStars: Portal Radisi,#N/A,#N/A,#N/A,,belum terdaftar Kritikalitas Apps 2025,,,,,,,
Digital Ecosystem Development Department,CCP,BRIStars: RKF,#N/A,#N/A,#N/A,,belum terdaftar Kritikalitas Apps 2025,,,,,,,
Digital Ecosystem Development Department,CCP,BRIStars: SAMA BRI (Stakeholder Management BRI),#N/A,#N/A,#N/A,,belum terdaftar Kritikalitas Apps 2025,,,,,,,
Digital Ecosystem Development Department,CCP,BRIStars: Starweb,#N/A,#N/A,#N/A,,belum terdaftar Kritikalitas Apps 2025,,,,,,,
Digital Ecosystem Development Department,CCP,BRIStars: Survey Online,#N/A,#N/A,#N/A,,belum terdaftar Kritikalitas Apps 2025,,,,,,,
Digital Ecosystem Development Department,CCP,BRIStars: Tim Agile,#N/A,#N/A,#N/A,,belum terdaftar Kritikalitas Apps 2025,,,,,,,
Digital Ecosystem Development Department,CCP,BRIStars: User Management,#N/A,#N/A,#N/A,,belum terdaftar Kritikalitas Apps 2025,,,,,,,
Digital Ecosystem Development Department,CCP,CHS (Complain Handling System),#N/A,#N/A,#N/A,,belum terdaftar Kritikalitas Apps 2025,,,,,,,
Digital Ecosystem Development Department,CCP,CPM (Customer Portfolio Management),#N/A,#N/A,#N/A,,belum terdaftar Kritikalitas Apps 2025,,,,,,,
Digital Ecosystem Development Department,CCP,CSS 2.0 (Cross Selling System),#N/A,#N/A,#N/A,,belum terdaftar Kritikalitas Apps 2025,,,,,,,
Digital Ecosystem Development Department,CCP,Device Locator,DOP,APP,High,,,,,,,,,
Digital Ecosystem Development Department,CCP,Digital Porto,#N/A,#N/A,#N/A,,belum terdaftar Kritikalitas Apps 2025,,,,,,,
Digital Ecosystem Development Department,CCP,DRONE (Dispute Resolution Center),CEX,APP,High,,,,,,,,,
Digital Ecosystem Development Department,CCP,E-Form,#N/A,#N/A,#N/A,,belum terdaftar Kritikalitas Apps 2025,,,,,,,
Digital Ecosystem Development Department,CCP,Easy,#N/A,#N/A,#N/A,,belum terdaftar Kritikalitas Apps 2025,,,,,,,
Digital Ecosystem Development Department,CCP,Facility Management,CSC,APP,Medium,,,,,,,,,
Digital Ecosystem Development Department,CCP,iRIS,ISG,APP,Medium,,,,,,,,,
Digital Ecosystem Development Department,CCP,Panen Hadiah Simpedes,#N/A,#N/A,#N/A,,belum terdaftar Kritikalitas Apps 2025,,,,,,,
Digital Ecosystem Development Department,CCP,Payjak (Layanan PJAP - Efaktur H2H),#N/A,#N/A,#N/A,,belum terdaftar Kritikalitas Apps 2025,,,,,,,
Digital Ecosystem Development Department,CCP,Pro Wealth,#N/A,#N/A,#N/A,,belum terdaftar Kritikalitas Apps 2025,,,,,,,
Digital Ecosystem Development Department,CCP,TDR Online,FAG,APP,High,,,,,,,,,
Digital Ecosystem Development Department,CCP,Telesales,#N/A,#N/A,#N/A,,belum terdaftar Kritikalitas Apps 2025,,,,,,,
Digital Ecosystem Development Department,CCP,Teman Simpedes,#N/A,#N/A,#N/A,,belum terdaftar Kritikalitas Apps 2025,,,,,,,
Digital Ecosystem Development Department,CCP,Work Force Management,#N/A,#N/A,#N/A,,belum terdaftar Kritikalitas Apps 2025,,,,,,,
Digital Ecosystem Development Department,CCP,XForm,#N/A,#N/A,#N/A,,belum terdaftar Kritikalitas Apps 2025,,,,,,,
Digital Ecosystem Development Department,CCP,BRIStars: Delegasi,#N/A,#N/A,#N/A,,belum terdaftar Kritikalitas Apps 2025,,,,,,,
Digital Ecosystem Development Department,CCP,BRISMILE SSO,#N/A,#N/A,#N/A,,belum terdaftar Kritikalitas Apps 2025,,,,,,,
Digital Ecosystem Development Department,CCP,BRIXPERT,#N/A,#N/A,#N/A,,belum terdaftar Kritikalitas Apps 2025,,,,,,,
Digital Ecosystem Development Department,CCP,Cabin Crew Check,#N/A,#N/A,#N/A,,belum terdaftar Kritikalitas Apps 2025,,,,,,,
Digital Ecosystem Development Department,CCP,Dashboard FAMP,#N/A,#N/A,#N/A,,belum terdaftar Kritikalitas Apps 2025,,,,,,,
Digital Ecosystem Development Department,CCP,Dashbard Jaringan (BRIDINA),#N/A,#N/A,#N/A,,belum terdaftar Kritikalitas Apps 2025,,,,,,,
Digital Ecosystem Development Department,CCP,E-Calendar,#N/A,#N/A,#N/A,,belum terdaftar Kritikalitas Apps 2025,,,,,,,
Digital Ecosystem Development Department,CCP,PMO Watchtower,#N/A,#N/A,#N/A,,belum terdaftar Kritikalitas Apps 2025,,,,,,,
Digital Ecosystem Development Department,CCP,E-Form LPS,#N/A,#N/A,#N/A,,belum terdaftar Kritikalitas Apps 2025,,,,,,,
Digital Ecosystem Development Department,CCP,Employee Risk Scoring,#N/A,#N/A,#N/A,,belum terdaftar Kritikalitas Apps 2025,,,,,,,
Digital Ecosystem Development Department,CCP,E-Procurement,FAG,APP,High,,,,,,,,,
Digital Ecosystem Development Department,CCP,Tunggalisasi CIF,#N/A,#N/A,#N/A,,belum terdaftar Kritikalitas Apps 2025,,,,,,,
Digital Ecosystem Development Department,CCP,Portal SHIELD,#N/A,#N/A,#N/A,,belum terdaftar Kritikalitas Apps 2025,,,,,,,
Digital Ecosystem Development Department,CCP,Product Holding,#N/A,#N/A,#N/A,,belum terdaftar Kritikalitas Apps 2025,,,,,,,
Digital Ecosystem Development Department,CCP,BRIMAP,#N/A,#N/A,#N/A,,belum terdaftar Kritikalitas Apps 2025,,,,,,,
Digital Ecosystem Development Department,CCP,Tador,#N/A,#N/A,#N/A,,belum terdaftar Kritikalitas Apps 2025,,,,,,,
Digital Ecosystem Development Department,CCP,WM Platform intellect,#N/A,#N/A,#N/A,,belum terdaftar Kritikalitas Apps 2025,,,,,,,
Digital Ecosystem Development Department,CCP,TPIM,CIS,APP,Medium,,,,,,,,,
Digital Ecosystem Development Department,CCP,ARIS,#N/A,#N/A,#N/A,,belum terdaftar Kritikalitas Apps 2025,,,,,,,
Digital Ecosystem Development Department,CCP,BION,ISG,APP,Medium,,,,,,,,,
Digital Ecosystem Development Department,CCP,Medallion Selling Agent,WMG,APP,Very High,,,,,,,,,
Digital Ecosystem Development Department,CCP,Credit card User Management,#N/A,#N/A,#N/A,,belum terdaftar Kritikalitas Apps 2025,,,,,,,
Digital Ecosystem Development Department,HMP,Delima,CBS,APP,Medium,Andrea Adam,,,,,,,,
Digital Ecosystem Development Department,HMP,KECEKU,#N/A,#N/A,#N/A,,belum terdaftar Kritikalitas Apps 2025,,,,,,,
Digital Ecosystem Development Department,HMP,Localoka,#N/A,#N/A,#N/A,,belum terdaftar Kritikalitas Apps 2025,,,,,,,
Digital Ecosystem Development Department,HMP,PARI,#N/A,#N/A,#N/A,Andrea Adam,belum terdaftar Kritikalitas Apps 2025,,,,,,,
Digital Ecosystem Development Department,HMP,SENYUM Mobile,UMI,APP,Very High,Triaji Nugroho,,,,,,,,
Digital Ecosystem Development Department,HMP,Commodity Chain,#N/A,#N/A,#N/A,,belum terdaftar Kritikalitas Apps 2025,,,,,,,
Digital Ecosystem Development Department,HMP,Klasterkuhidupku,SEI,APP,Medium,Arief Muarrief,,,,,,,,
Digital Ecosystem Development Department,HMP,UMKM Naik Kelas (Link UMKM),SEI,APP,Medium,Yuda Satria,,,,,,,,
Digital Ecosystem Development Department,HMP,Blockchain Kopi PARI,#N/A,#N/A,#N/A,,belum terdaftar Kritikalitas Apps 2025,,,,,,,
Digital Ecosystem Development Department,HMP,Ambilin,BBD,APP,Medium,Abdurrahman,,,,,,,,
Digital Ecosystem Development Department,HMP,BRI Official Website,CSC,APP,High,Claurensia Richa Sinaga,,,,,,,,
Digital Ecosystem Development Department,HMP,BRISILK,APP,APS,Medium,Ikramah Maghfirah,,,,,,,,
Digital Ecosystem Development Department,HMP,BUMDES Digital BRI,SEI,APP,Medium,Yuda Satria,,,,,,,,
Digital Ecosystem Development Department,HMP,Microsite DPLK,#N/A,#N/A,#N/A,Abdurrahman,belum terdaftar Kritikalitas Apps 2025,,,,,,,
Digital Ecosystem Development Department,HMP,Microsite Kartu Kredit,#N/A,#N/A,#N/A,Arief Muarrief,belum terdaftar Kritikalitas Apps 2025,,,,,,,
Digital Ecosystem Development Department,HMP,Panen,SEI,APP,Medium,Yuda Satria,,,,,,,,
Digital Ecosystem Development Department,HMP,Stroberi Kasir,MBD,APP,Medium,Claurensia Richa Sinaga,,,,,,,,
Digital Ecosystem Development Department,WRP,BRIDGE,APP,APS,High,Nadya Sylviani,Target Dismantle,,,,,,,
Digital Ecosystem Development Department,WRP,BRISTORE/PARI Corporate,#N/A,#N/A,#N/A,Irma Nur Afifah,,,,,,,,
Digital Ecosystem Development Department,WRP,Junio Smart,DRB,APP,Medium,Nadya Sylviani,,,,,,,,
Digital Ecosystem Development Department,WRP,BRI Notification,DRB,APP,Critical,Irma Nur Afifah,,,,,,,,
Digital Ecosystem Development Department,WRP,BRIPOIN,DRB,APP,Medium,Irma Nur Afifah,"BRIPOIN
PROCASH (Promo Engine)
Journey nya Loyalti Management System(LMS) ",,,,,,,
Digital Ecosystem Development Department,WRP,PROCASH (Promo Engine),DRB,APP,Medium,Irma Nur Afifah/Andra,Akan dilakukan revamp menjadi Loyalty Management System (LMS),,,,,,,
Digital Ecosystem Development Department,WRP,RM Workbench,WTR,APP,Medium,Nadya Sylviani,,,,,,,,
Digital Ecosystem Development Department,WRP,BRI Virtual Account Dashboard,WTR,APP,High,Nadya Sylviani,,,,,,,,
Digital Ecosystem Development Department,WRP,BestPortal,DRB,APP,Medium,Irma Nur Afifah,,,,,,,,
Digital Ecosystem Development Department,WRP,BRI Smart Billing (BSB),DRB,APP,High,Irma Nur Afifah,,,,,,,,
Digital Ecosystem Development Department,WRP,BRIMOLA,DRB,APP,High,Nadya Sylviani ,,,,,,,,
Digital Retail Development Department,DCP,EDC Controller Merchant,DRB,APP,Critical,M. Teguh Erianto/M. Renaldy Baskara,SMS Banking BRImola??,,,,,,,
Digital Retail Development Department,DCP,Palm Payment,#N/A,#N/A,#N/A,,Target Dismantle,,,,,,,
Digital Retail Development Department,DCP,Ocean : Acquiring,#N/A,#N/A,#N/A,M. Teguh Erianto/Hana Raissya,belum terdaftar Kritikalitas Apps 2025,,,,,,,
Digital Retail Development Department,MDP,ATM BRITL Switching Service,#N/A,#N/A,#N/A,Warzone/Afif Muhammad,belum terdaftar Kritikalitas Apps 2025,,,,,,,
Digital Retail Development Department,DCP,ATM Controller BRI,DRB,APP,Critical,Teddy Ernanto,,,,,,,,
Digital Retail Development Department,DCP,ATM Controller BRITL,INT,APP,High,Teddy Ernanto,"Tidak digunakan, Target Dismantle",,,,,,,
Digital Retail Development Department,DCP,ATM Controller MP,DRB,APP,Critical,Teddy Ernanto,,,,,,,,
Digital Retail Development Department,DCP,EJ Online,COG,APP,Medium,Teddy Ernanto,,,,,,,,
Digital Retail Development Department,DCP,Portal E-Channel,DOP,APP,High,Teddy Ernanto,,,,,,,,
Digital Retail Development Department,DCP,GPN MP Switching Service,DRB,APP,Very High,Teddy Ernanto,"Perlu putusan management untuk tim yang handle:
Sebelumnya dihandle OVP (tim ATM). Sekarang tim ATM pindah ke DCP 
Alur Transaksi ATM Outgoing GPN:
ATM Controller -> Switching
(To be) ATM -> ESB -> Switching

Alur Transaksi ATM Incoming GPN:
Switching -> ATM Controller -> Host CAMS
(To be) Switching -> ESB -> Host CAMS",,,,,,,
Middleware Development Department,,PLN Imprest,WTR,APP,Medium,,"dikelola oleh tim PYP
Tidak di handle oleh PYP",,,,,,,
Digital Retail Development Department,MRP,BRImo,DRB,APP,Critical,,Target Dismantle,,,,,,,
Digital Retail Development Department,MBP & MTP,BRImo New Skin,#N/A,#N/A,#N/A,,belum terdaftar Kritikalitas Apps 2025,,,,,,,
Digital Retail Development Department,MCP,BRI Merchant Excellence,#N/A,#N/A,#N/A,Fathoni Adi Kurniawan,belum terdaftar Kritikalitas Apps 2025,,,,,,,
Digital Retail Development Department,MCP,MMS (Merchant Management System),DOP,APP,Medium,Boy Ardan Wiratama,,,,,,,,
Digital Retail Development Department,MCP,QRIS Core System,DRB,APP,Critical,David John Plangiten,,,,,,,,
Digital Retail Development Department,MTP,Mini Program,#N/A,#N/A,#N/A,,belum terdaftar Kritikalitas Apps 2025,,,,,,,
Digital Wholesale Development Department,ITP,RDN (Rekening Dana Nasabah),INV,APP,Medium,Bonifasius Edo Sudigdo,"baiknya ini di sisi ITP aja as core RDN, kalo di sisi OAP levelnya service  untuk semua rekening ga hanya RDN ",,,,,,,
Digital Wholesale Development Department,ITP,SIEBA (Sistem Informasi Efek Beragun Aset),#N/A,#N/A,#N/A,Bonifasius Edo Sudigdo,"Target Dismantle,Digantikan medalion custody",,,,,,,
Digital Wholesale Development Department,ITP,Intraday,INV,APP,High,Bonifasius Edo Sudigdo,"Target Dismentle,Sudah tidak digunakan (Confirm PO)",,,,,,,
Digital Wholesale Development Department,ITP,Bank Garansi,#N/A,#N/A,#N/A,Ni Ketut Sri Krisna Radharani Dyatmika,belum terdaftar Kritikalitas Apps 2025,,,,,,,
Digital Wholesale Development Department,ITP,BI-ETP (Electronic Trading Platform),TRY,APP,Critical,Johan Prianto Manik Ambarita,,,,,,,,
Digital Wholesale Development Department,ITP,BI-SSSS (Scriptless Securities Settlement System) Custody,INV,APP,Critical,Bonifasius Edo Sudigdo,,,,,,,,
Digital Wholesale Development Department,ITP,BI-SSSS (Scriptless Securities Settlement System) Konvensional,COG,APP,Critical,Johan Prianto Manik Ambarita,,,,,,,,
Digital Wholesale Development Department,ITP,BRIEFX (Treasury Remote Area),TRY,APP,Critical,Johan Prianto Manik Ambarita,,,,,,,,
Digital Wholesale Development Department,ITP,BRIFRENS (BRI Front End Custody),INV,APP,Medium,Bonifasius Edo Sudigdo,,,,,,,,
Digital Wholesale Development Department,ITP,BRITrade,WTR,APP,Very High,Ni Ketut Sri Krisna Radharani Dyatmika,,,,,,,,
Digital Wholesale Development Department,ITP,BRITRUST,INV,APP,Medium,Bonifasius Edo Sudigdo,,,,,,,,
Digital Wholesale Development Department,ITP,Deal Tracker,#N/A,#N/A,#N/A,Johan Prianto Manik Ambarita,belum terdaftar Kritikalitas Apps 2025,,,,,,,
Digital Wholesale Development Department,ITP,DPLK Fest (BRIFINE),#N/A,#N/A,#N/A,Bonifasius Edo Sudigdo,belum terdaftar Kritikalitas Apps 2025,,,,,,,
Digital Wholesale Development Department,ITP,Guava,TRY,APP,Critical,Johan Prianto Manik Ambarita,,,,,,,,
Digital Wholesale Development Department,ITP,JITU Custody,INV,APP,Critical,Bonifasius Edo Sudigdo,,,,,,,,
Digital Wholesale Development Department,ITP,JITU Konvensional,#N/A,#N/A,#N/A,Johan Prianto Manik Ambarita,"belum terdaftar Kritikalitas Apps 2025
Disposal",,,,,,,
Digital Wholesale Development Department,ITP,Medallion Custody,INV,APP,Critical,Bonifasius Edo Sudigdo,,,,,,,,
Digital Wholesale Development Department,ITP,Medallion Tapera,INV,APP,Very High,Bonifasius Edo Sudigdo,,,,,,,,
Digital Wholesale Development Department,ITP,RDN (Rekening Dana Nasabah),INV,APP,Medium,Bonifasius Edo Sudigdo,,,,,,,,
Digital Wholesale Development Department,ITP,Refinitiv (Reuters),TRY,APP,Very High,Johan Prianto Manik Ambarita,,,,,,,,
Digital Wholesale Development Department,ITP,SI DPLK,INV,APP,Very High,Bonifasius Edo Sudigdo,,,,,,,,
Digital Wholesale Development Department,ITP,Soft (Smart Operation Filing Treasury),COG,APP,Very High,Johan Prianto Manik Ambarita,,,,,,,,
Digital Wholesale Development Department,ITP,TI Plus,WTR,APP,Critical,Ni Ketut Sri Krisna Radharani Dyatmika,,,,,,,,
Digital Wholesale Development Department,ITP,TPS (Trade Processing System),#N/A,#N/A,#N/A,Ni Ketut Sri Krisna Radharani Dyatmika,belum terdaftar Kritikalitas Apps 2025,,,,,,,
Digital Wholesale Development Department,QLP,Portal TRB,WTR,APP,Medium,,,,,,,,,
Digital Wholesale Development Department,"QLP, QTP",CMS (Cash Management System),WTR,APP,Critical,Christopher Dimas Satrio,,,,,,,,
Digital Wholesale Development Department,"QLP, QTP",IBBIZ (Internet Banking Bisnis),#N/A,#N/A,#N/A,"Debrilla Ivanadya Pang, Muhammad Rachman Pratama, Minhajuddin Kasman Ar",belum terdaftar Kritikalitas Apps 2025,,,,,,,
Digital Wholesale Development Department,"QLP, QTP, QRP",Q-Cash,#N/A,#N/A,#N/A,"Agung Nurjaya Megantara, Steven Nugroho, Muhammad Badriansyah Putra, Ikhbar Muktamar Sidik, Diana Hudani Kisyono, Aristides Fariz, Ramdhani Bima Arista Putra, Bayu Aditya, Muhamad Andri",belum terdaftar Kritikalitas Apps 2025,,,,,,,
Digital Wholesale Development Department,"QLP, QTP, QRP",Qlola,WTR,APP,Critical,"Agung Nurjaya Megantara, Steven Nugroho, Muhammad Badriansyah Putra, Ikhbar Muktamar Sidik, Diana Hudani Kisyono, Aristides Fariz, Ramdhani Bima Arista Putra, Bayu Aditya, Muhamad Andri",,,,,,,,
Digital Wholesale Development Department,QRP,BRICBM (Corporate Billing Management),#N/A,#N/A,#N/A,,belum terdaftar Kritikalitas Apps 2025,,,,,,,
Enterprise Service Development Department,CFD,CLAS (Consumer Loan Approval System),#N/A,#N/A,#N/A,,belum terdaftar Kritikalitas Apps 2025,,,,,,,
Enterprise Service Development Department,CFD,LAS (Loan Approval System),#N/A,#N/A,#N/A,,belum terdaftar Kritikalitas Apps 2025,,,,,,,
Enterprise Service Development Department,CFD,Briguna Digital,UNS,APP,High,,,,,,,,,
Enterprise Service Development Department,CFD,BRISPOT Konsumer,#N/A,#N/A,#N/A,,belum terdaftar Kritikalitas Apps 2025,,,,,,,
Enterprise Service Development Department,CFD,Briguna Digital,UNS,APP,High,,,,,,,,,
Enterprise Service Development Department,FRD,BRIDex,ASQ,APP,Medium,,Aplikasi GRC. Move dari CCP ke OVP,,,,,,,
Enterprise Service Development Department,FRD,BRISMA Subsidiary,ASQ,APP,Medium,,Aplikasi GRC. Move dari CCP ke OVP,,,,,,,
Enterprise Service Development Department,FRD,BRIStars: BRICOMANDO,#N/A,#N/A,#N/A,,Aplikasi GRC. Move dari CCP ke OVP,,,,,,,
Enterprise Service Development Department,FRD,BRIStars: BRIPEDIA,#N/A,#N/A,#N/A,,Aplikasi GRC. Move dari CCP ke OVP,,,,,,,
Enterprise Service Development Department,FRD,BRIStars: E-Legal Drafting,#N/A,#N/A,#N/A,,Aplikasi GRC. Move dari CCP ke OVP,,,,,,,
Enterprise Service Development Department,FRD,BRIStars: GCG Online,#N/A,#N/A,#N/A,,Aplikasi GRC. Move dari CCP ke OVP,,,,,,,
Enterprise Service Development Department,FRD,BRIStars: LEGAL STAMP,#N/A,#N/A,#N/A,,Aplikasi GRC. Move dari CCP ke OVP,,,,,,,
Enterprise Service Development Department,FRD,BRIStars: PAB Online,#N/A,#N/A,#N/A,,Aplikasi GRC. Move dari CCP ke OVP,,,,,,,
Enterprise Service Development Department,FRD,BRIStars: RBA (Risk Based Approach),#N/A,#N/A,#N/A,,Aplikasi GRC. Move dari CCP ke OVP,,,,,,,
Enterprise Service Development Department,FRD,Bristars: ROPA,#N/A,#N/A,#N/A,,Aplikasi GRC. Move dari CCP ke OVP,,,,,,,
Enterprise Service Development Department,FRD,BRIStars: RRM Tools (OPRA),#N/A,#N/A,#N/A,,Aplikasi GRC. Move dari CCP ke OVP,,,,,,,
Enterprise Service Development Department,FRD,BRIStars: STR Online,#N/A,#N/A,#N/A,,Aplikasi GRC. Move dari CCP ke OVP,,,,,,,
Enterprise Service Development Department,FRD,IRMS (Integrated Risk Management),DRD,APP,Medium,,Aplikasi GRC. Move dari CCP ke OVP,,,,,,,
Enterprise Service Development Department,FRD,Legal Care,#N/A,#N/A,#N/A,,Aplikasi GRC. Move dari CCP ke OVP,,,,,,,
Enterprise Service Development Department,FRD,Model Risk Management,MPE,APP,Medium,,Aplikasi GRC. Move dari CCP ke OVP,,,,,,,
Enterprise Service Development Department,FRD,RBA Bank Correspondent,#N/A,#N/A,#N/A,,Aplikasi GRC. Move dari CCP ke OVP,,,,,,,
Enterprise Service Development Department,FRD,Whistle Blowing System BRI,#N/A,#N/A,#N/A,,Aplikasi GRC. Move dari CCP ke OVP,,,,,,,
Enterprise Service Development Department,FRD,STR CTR 2,#N/A,#N/A,#N/A,,Aplikasi GRC. Move dari CCP ke OVP,,,,,,,
Enterprise Service Development Department,FRD,Nexure,AML,APP,High,,Aplikasi GRC. Move dari CCP ke OVP,,,,,,,
Enterprise Service Development Department,FRD,Portal ICG,#N/A,#N/A,#N/A,,Aplikasi GRC. Move dari CCP ke OVP,,,,,,,
Enterprise Service Development Department,FRD,STR Proaktif,#N/A,#N/A,#N/A,,Aplikasi GRC. Move dari CCP ke OVP,,,,,,,
Enterprise Service Development Department,FRD,Audit Management System (AMS),ASQ,APP,Medium,,Aplikasi pengganti Brisma. Move dari CCP ke OVP,,,,,,,
Enterprise Service Development Department,FRD,BRISMA,#N/A,#N/A,#N/A,,Proposed dismantle 2026. Aplikasi GRC. Move dari CCP ke OVP,,,,,,,
Enterprise Service Development Department,FRD,Personal Limit Engine,#N/A,#N/A,#N/A,,belum terdaftar Kritikalitas Apps 2025,,,,,,,
Enterprise Service Development Department,FRD,FDS (Fraud Detection System),ITF,APP,Critical,,,,,,,,,
Enterprise Service Development Department,FRD,Unified Limit Engine,APP,APS,Very High,,,,,,,,,
Enterprise Service Development Department,MPD,BRICS BRIGUNA,#N/A,#N/A,#N/A,,belum terdaftar Kritikalitas Apps 2025,,,,,,,
Enterprise Service Development Department,MPD,BRICS KPP,#N/A,#N/A,#N/A,,belum terdaftar Kritikalitas Apps 2025,,,,,,,
Enterprise Service Development Department,MPD,BRICS Ceria,MCC,APP,Medium,,,,,,,,,
Enterprise Service Development Department,MPD,BRICS Kartu Kredit,MCC,APP,Medium,,,,,,,,,
Enterprise Service Development Department,MPD,KUR Digital,#N/A,#N/A,#N/A,,belum terdaftar Kritikalitas Apps 2025,,,,,,,
Enterprise Service Development Department,MPD,KUR Digital,#N/A,#N/A,#N/A,,belum terdaftar Kritikalitas Apps 2025,,,,,,,
Enterprise Service Development Department,"MPD, CFD, CWD",BRISPOT,OPX,APP,Critical,,,,,,,,,
Financial System Development Department,"FGL, FSL, FPM, FAC",Enterprise FInancial System (EFS),FMA,APP,Critical,,,,,,,,,
IT Development Management Departement,TPE,Atlassian Tools,#N/A,#N/A,#N/A,,belum terdaftar Kritikalitas Apps 2025,,,,,,,
IT Development Management Departement,TPE,BRI Dev Studio,#N/A,#N/A,#N/A,,belum terdaftar Kritikalitas Apps 2025,,,,,,,
IT Development Management Departement,TPE,RPA Platform,#N/A,#N/A,#N/A,,belum terdaftar Kritikalitas Apps 2025,,,,,,,
Middleware Development Department,MDP,Auto Collection Service,WTR,APP,High,Nexus/Kirana Pramusinta,SIBS,,,,,,,
Middleware Development Department,MDP,BRIInterface,APP,APS,Very High,Nexus/Kirana Pramusinta,target dismantle 2026,,,,,,,
Middleware Development Department,MDP,BRIISO,APP,APS,Very High,Warzone/Afif Muhammad,target dismantle 2026,,,,,,,
Middleware Development Department,MDP,ESB (Enterprise Service Bus),APP,APS,Critical,"1. Vanguard/Oki Januar
2. Eclipse/Muhdani Widiansyah
3. Gladius/Tito Pamungkas
4. Nexus/Kirana Pramusinta
5. Warzone/Afif Muhammad",,,,,,,,
Middleware Development Department,MDP,H2H PDAM Online,DRB,APP,Medium,Warzone/Afif Muhammad,target dismantle 2026,,,,,,,
Middleware Development Department,MDP,H2H Rumah Sakit Online,DRB,APP,Medium,Gladius/Tito Pamungkas,target dismantle 2026,,,,,,,
Middleware Development Department,MDP,H2H SPP-SPMB Online,DRB,APP,Medium,Gladius/Tito Pamungkas,target dismantle 2026,,,,,,,
Middleware Development Department,MDP,Proswitching Gateway,APP,APS,Very High,Warzone/Afif Muhammad,target dismantle 2026,,,,,,,
Middleware Development Department,MDP,Proswitching Middleware,APP,APS,Very High,Warzone/Afif Muhammad,target dismantle 2026,,,,,,,
Middleware Development Department,MDP,Way4 Biller,APP,APS,High,Warzone/Afif Muhammad,target dismantle 2026,,,,,,,
Middleware Development Department,MDP,Direct Debit,DRB,APP,High,Warzone/Afif Muhammad,,,,,,,,
Middleware Development Department,MDP,H2H NPWP,INS,APP,Medium,Nexus/Kirana Pramusinta,dikelola oleh tim MDP,,,,,,,
Middleware Development Department,OAP,BRIAPI,DWI,APP,Critical,"1. Mohammad Syahrian Adil Al Baid
2. Dzulfiqar Ali Akbar
3. Nerisa Arviana",,,,,,,,
Middleware Development Department,OAP,BRIAPI Certification,#N/A,#N/A,#N/A,1. Eugenius Yosep Korsan Nuhuyanan,belum terdaftar Kritikalitas Apps 2025,,,,,,,
Middleware Development Department,OAP,BRIAPI Developer Portal,#N/A,#N/A,#N/A,2. Apriantoni,belum terdaftar Kritikalitas Apps 2025,,,,,,,
Middleware Development Department,OAP,BRIAPI SPOT,#N/A,#N/A,#N/A,3. Eugenius Yosep Korsan Nuhuyanan,belum terdaftar Kritikalitas Apps 2025,,,,,,,
Middleware Development Department,OAP,BRIGATE,APP,APS,Critical,"1. Nada Kautsar
2. Nina Aulia Saputro
3. Anita Febryani Jatnika",,,,,,,,
Middleware Development Department,OAP,Overbooking Service (WSOB),#N/A,#N/A,#N/A,Dimas Aditya Maulana Fajri,belum terdaftar Kritikalitas Apps 2025,,,,,,,
Middleware Development Department,PYP,BI FAST Support System,WTR,APP,Critical,Yuda chandra Wiguna,,,,,,,,
Middleware Development Department,PYP,BRIFAST,INT,APP,Critical,I Made Andi Wiranegara,,,,,,,,
Middleware Development Department,PYP,BRIVA,WTR,APP,Critical,Alexander Siringoringo,,,,,,,,
Middleware Development Department,PYP,Cash Card Core System,#N/A,#N/A,#N/A,Alexander Siringoringo,belum terdaftar Kritikalitas Apps 2025,,,,,,,
Middleware Development Department,PYP,Kliring Support system,COG,APP,Critical,Indra Kurniawan,,,,,,,,
Middleware Development Department,PYP,Kliring: BI SPK,COG,APP,Critical,Indra Kurniawan,,,,,,,,
Middleware Development Department,PYP,RTGS Support System,COG,APP,Critical,Indra Kurniawan,,,,,,,,
Middleware Development Department,PYP,RTGS: BI,COG,APP,Critical,Indra Kurniawan,,,,,,,,
Middleware Development Department,PYP,SWIFT Alliance BRI,INT,APP,Critical,I Made Andi Wiranegara,,,,,,,,
Middleware Development Department,PYP,SWIFT: Adapter,COG,APP,Very High,I Made Andi Wiranegara,,,,,,,,
Middleware Development Department,PYP,SWIFT: OFAC,WTR,APP,Critical,I Made Andi Wiranegara,,,,,,,,
Middleware Development Department,PYP,SWIFT: OP3RFT,COG,APP,Very High,I Made Andi Wiranegara,,,,,,,,
Middleware Development Department,PYP,SWIFT: Otomasi Clean Collection,#N/A,#N/A,#N/A,I Made Andi Wiranegara,belum terdaftar Kritikalitas Apps 2025,,,,,,,
Middleware Development Department,PYP,SWIFT: Portal Tracer,COG,APP,Very High,I Made Andi Wiranegara,,,,,,,,
Middleware Development Department,PYP,SWIFT: SIDE,INT,APP,Very High,I Made Andi Wiranegara,,,,,,,,
Middleware Development Department,PYP,SWIFT: Transaction Support System,#N/A,#N/A,#N/A,I Made Andi Wiranegara,belum terdaftar Kritikalitas Apps 2025,,,,,,,
Middleware Development Department,RSP,BRIPENSIL,COG,APP,High,Shindu Nata Gama,,,,,,,,
Middleware Development Department,RSP,Portal MT940,#N/A,#N/A,#N/A,Mega Puspita,belum terdaftar Kritikalitas Apps 2025,,,,,,,
Middleware Development Department,RSP,Rekon Enterprise,COG,APP,Critical,Rizky Maulana Iqbal,,,,,,,,
Middleware Development Department,RSP,Rekon Kas ATM,#N/A,#N/A,#N/A,Josua Dion Tamba,belum terdaftar Kritikalitas Apps 2025,,,,,,,
,,,,,,,,,,,,,,
,,,,,,,,,,,,,,
,,GPN Switching Service,DRB,APP,Very High,Reza Hanifan,"Perlu putusan management untuk tim yang handle:
Sebelumnya dihandle OVP (Afif)
Alur Transaksi Outgoing Debit GPN:
EDC -> Middleware PSW (Psw NPG) -> Switching

Alur Transaksi Incoming Debit GPN:
Switching -> Middleware PSW (Psw NPG) -> Host CAMS",,,,,,,
,,MIGS (Mastercard Internet Gateway System),#N/A,#N/A,#N/A,Reza Hanifan,Tidak ada aplikasi yang dihandle,,,,,,,
,,Master Visa Switching Service,#N/A,#N/A,#N/A,Reza Hanifan,"Perlu putusan management untuk tim yang handle:
Sebelumnya dihandle OVP (tim ATM). Sekarang tim ATM pindah ke DCP
Alur Transaksi ATM Outgoing MC/Visa:
ATM -> Middleware PSW (Linux0 - Psw Inc MC) -> Principal

Alur Transaksi ATM Incoming Debit MC:
Principal -> Middleware PSW (Psw Inc MC) -> ESB -> Host CAMS

Alur Transaksi Incoming Debit Visa:
Principal -> ESB -> Host CAMS

Transaksi EDC menggunakan Kartu Principal Off Us via Way4
Transaksi Incoming Principal via Way4",,,,,,,
,,,,,,,,,,,,,,
,,,,,,,,,,,,,,
,,,,,,,,,,,,,,
,,,,,,,,,,,,,,
,,,,,,,,,,,,,,
,,,,,,,,,,,,,,
,,,,,,,,,,,,,,
,,,,,,,,,,,,,,
,,,,,,,,,,,,,,
,,,,,,,,,,,,,,
,,,,,,,,,,,,,,
,,,,,,,,,,,,,,
,,,,,,,,,,,,,,
,,,,,,,,,,,,,,
,,,,,,,,,,,,,,
,,,,,,,,,,,,,,
,,,,,,,,,,,,,,
,,,,,,,,,,,,,,
,,,,,,,,,,,,,,
,,,,,,,,,,,,,,
,,,,,,,,,,,,,,
,,,,,,,,,,,,,,
,,,,,,,,,,,,,,
,,,,,,,,,,,,,,
,,,,,,,,,,,,,,
,,,,,,,,,,,,,,
,,,,,,,,,,,,,,
,,,,,,,,,,,,,,
,,,,,,,,,,,,,,
,,,,,,,,,,,,,,
,,,,,,,,,,,,,,
,,,,,,,,,,,,,,
,,,,,,,,,,,,,,
,,,,,,,,,,,,,,
,,,,,,,,,,,,,,
,,,,,,,,,,,,,,
,,,,,,,,,,,,,,
,,,,,,,,,,,,,,
,,,,,,,,,,,,,,
,,,,,,,,,,,,,,
,,,,,,,,,,,,,,
,,,,,,,,,,,,,,
,,,,,,,,,,,,,,
,,,,,,,,,,,,,,
,,,,,,,,,,,,,,
,,,,,,,,,,,,,,
,,,,,,,,,,,,,,
,,,,,,,,,,,,,,
,,,,,,,,,,,,,,
,,,,,,,,,,,,,,
,,,,,,,,,,,,,,
,,,,,,,,,,,,,,
,,,,,,,,,,,,,,
,,,,,,,,,,,,,,
,,,,,,,,,,,,,,
,,,,,,,,,,,,,,
,,,,,,,,,,,,,,
,,,,,,,,,,,,,,
,,,,,,,,,,,,,,
,,,,,,,,,,,,,,
,,,,,,,,,,,,,,
,,,,,,,,,,,,,,
,,,,,,,,,,,,,,
,,,,,,,,,,,,,,
,,,,,,,,,,,,,,
,,,,,,,,,,,,,,
,,,,,,,,,,,,,,
,,,,,,,,,,,,,,
,,,,,,,,,,,,,,
,,,,,,,,,,,,,,
,,,,,,,,,,,,,,
,,,,,,,,,,,,,,
,,,,,,,,,,,,,,
,,,,,,,,,,,,,,
,,,,,,,,,,,,,,
,,,,,,,,,,,,,,
,,,,,,,,,,,,,,
,,,,,,,,,,,,,,
,,,,,,,,,,,,,,
,,,,,,,,,,,,,,
,,,,,,,,,,,,,,
,,,,,,,,,,,,,,
,,,,,,,,,,,,,,
,,,,,,,,,,,,,,
,,,,,,,,,,,,,,
,,,,,,,,,,,,,,
,,,,,,,,,,,,,,
,,,,,,,,,,,,,,
,,,,,,,,,,,,,,
,,,,,,,,,,,,,,
,,,,,,,,,,,,,,
,,,,,,,,,,,,,,
,,,,,,,,,,,,,,
,,,,,,,,,,,,,,
,,,,,,,,,,,,,,
,,,,,,,,,,,,,,
,,,,,,,,,,,,,,
,,,,,,,,,,,,,,
,,,,,,,,,,,,,,
,,,,,,,,,,,,,,
,,,,,,,,,,,,,,
,,,,,,,,,,,,,,
,,,,,,,,,,,,,,
,,,,,,,,,,,,,,
,,,,,,,,,,,,,,
,,,,,,,,,,,,,,
,,,,,,,,,,,,,,
,,,,,,,,,,,,,,
,,,,,,,,,,,,,,
,,,,,,,,,,,,,,
,,,,,,,,,,,,,,
,,,,,,,,,,,,,,
,,,,,,,,,,,,,,
,,,,,,,,,,,,,,
,,,,,,,,,,,,,,
,,,,,,,,,,,,,,
,,,,,,,,,,,,,,
,,,,,,,,,,,,,,
,,,,,,,,,,,,,,
,,,,,,,,,,,,,,
,,,,,,,,,,,,,,
,,,,,,,,,,,,,,
,,,,,,,,,,,,,,
,,,,,,,,,,,,,,
,,,,,,,,,,,,,,
,,,,,,,,,,,,,,
,,,,,,,,,,,,,,
,,,,,,,,,,,,,,
,,,,,,,,,,,,,,
,,,,,,,,,,,,,,
,,,,,,,,,,,,,,
,,,,,,,,,,,,,,
,,,,,,,,,,,,,,
,,,,,,,,,,,,,,
,,,,,,,,,,,,,,
,,,,,,,,,,,,,,
,,,,,,,,,,,,,,
,,,,,,,,,,,,,,
,,,,,,,,,,,,,,
,,,,,,,,,,,,,,
,,,,,,,,,,,,,,
,,,,,,,,,,,,,,
,,,,,,,,,,,,,,
,,,,,,,,,,,,,,
,,,,,,,,,,,,,,
,,,,,,,,,,,,,,
,,,,,,,,,,,,,,
,,,,,,,,,,,,,,
,,,,,,,,,,,,,,
,,,,,,,,,,,,,,
,,,,,,,,,,,,,,
,,,,,,,,,,,,,,
,,,,,,,,,,,,,,
,,,,,,,,,,,,,,
,,,,,,,,,,,,,,
,,,,,,,,,,,,,,
,,,,,,,,,,,,,,
,,,,,,,,,,,,,,
,,,,,,,,,,,,,,
,,,,,,,,,,,,,,
,,,,,,,,,,,,,,
,,,,,,,,,,,,,,
,,,,,,,,,,,,,,
,,,,,,,,,,,,,,
,,,,,,,,,,,,,,
,,,,,,,,,,,,,,
,,,,,,,,,,,,,,
,,,,,,,,,,,,,,
,,,,,,,,,,,,,,
,,,,,,,,,,,,,,
,,,,,,,,,,,,,,
,,,,,,,,,,,,,,
,,,,,,,,,,,,,,
,,,,,,,,,,,,,,
,,,,,,,,,,,,,,
,,,,,,,,,,,,,,
,,,,,,,,,,,,,,
,,,,,,,,,,,,,,
,,,,,,,,,,,,,,
,,,,,,,,,,,,,,
,,,,,,,,,,,,,,
,,,,,,,,,,,,,,
,,,,,,,,,,,,,,
,,,,,,,,,,,,,,
,,,,,,,,,,,,,,
,,,,,,,,,,,,,,
,,,,,,,,,,,,,,
,,,,,,,,,,,,,,
,,,,,,,,,,,,,,
,,,,,,,,,,,,,,
,,,,,,,,,,,,,,
,,,,,,,,,,,,,,
,,,,,,,,,,,,,,
,,,,,,,,,,,,,,
,,,,,,,,,,,,,,
,,,,,,,,,,,,,,
,,,,,,,,,,,,,,
,,,,,,,,,,,,,,
,,,,,,,,,,,,,,
,,,,,,,,,,,,,,
,,,,,,,,,,,,,,
,,,,,,,,,,,,,,
,,,,,,,,,,,,,,
,,,,,,,,,,,,,,
,,,,,,,,,,,,,,
,,,,,,,,,,,,,,
,,,,,,,,,,,,,,
,,,,,,,,,,,,,,
,,,,,,,,,,,,,,
,,,,,,,,,,,,,,
,,,,,,,,,,,,,,
,,,,,,,,,,,,,,
,,,,,,,,,,,,,,
,,,,,,,,,,,,,,
,,,,,,,,,,,,,,
,,,,,,,,,,,,,,
,,,,,,,,,,,,,,
,,,,,,,,,,,,,,
,,,,,,,,,,,,,,
,,,,,,,,,,,,,,
,,,,,,,,,,,,,,
,,,,,,,,,,,,,,
,,,,,,,,,,,,,,
,,,,,,,,,,,,,,
,,,,,,,,,,,,,,
,,,,,,,,,,,,,,
,,,,,,,,,,,,,,
,,,,,,,,,,,,,,
,,,,,,,,,,,,,,
,,,,,,,,,,,,,,
,,,,,,,,,,,,,,
,,,,,,,,,,,,,,
,,,,,,,,,,,,,,
,,,,,,,,,,,,,,
,,,,,,,,,,,,,,
,,,,,,,,,,,,,,
,,,,,,,,,,,,,,
,,,,,,,,,,,,,,
,,,,,,,,,,,,,,
,,,,,,,,,,,,,,
,,,,,,,,,,,,,,
,,,,,,,,,,,,,,
,,,,,,,,,,,,,,
,,,,,,,,,,,,,,
,,,,,,,,,,,,,,
,,,,,,,,,,,,,,
,,,,,,,,,,,,,,
,,,,,,,,,,,,,,
,,,,,,,,,,,,,,
,,,,,,,,,,,,,,
,,,,,,,,,,,,,,
,,,,,,,,,,,,,,
,,,,,,,,,,,,,,
,,,,,,,,,,,,,,
,,,,,,,,,,,,,,
,,,,,,,,,,,,,,
,,,,,,,,,,,,,,
,,,,,,,,,,,,,,
,,,,,,,,,,,,,,
,,,,,,,,,,,,,,
,,,,,,,,,,,,,,
,,,,,,,,,,,,,,
,,,,,,,,,,,,,,
,,,,,,,,,,,,,,
,,,,,,,,,,,,,,
,,,,,,,,,,,,,,
,,,,,,,,,,,,,,
,,,,,,,,,,,,,,
,,,,,,,,,,,,,,
,,,,,,,,,,,,,,
,,,,,,,,,,,,,,
,,,,,,,,,,,,,,
,,,,,,,,,,,,,,
,,,,,,,,,,,,,,
,,,,,,,,,,,,,,
,,,,,,,,,,,,,,
,,,,,,,,,,,,,,
,,,,,,,,,,,,,,
,,,,,,,,,,,,,,
,,,,,,,,,,,,,,
,,,,,,,,,,,,,,
,,,,,,,,,,,,,,
,,,,,,,,,,,,,,
,,,,,,,,,,,,,,
,,,,,,,,,,,,,,
,,,,,,,,,,,,,,
,,,,,,,,,,,,,,
,,,,,,,,,,,,,,
,,,,,,,,,,,,,,
,,,,,,,,,,,,,,
,,,,,,,,,,,,,,
,,,,,,,,,,,,,,
,,,,,,,,,,,,,,
,,,,,,,,,,,,,,
,,,,,,,,,,,,,,
,,,,,,,,,,,,,,
,,,,,,,,,,,,,,
,,,,,,,,,,,,,,
,,,,,,,,,,,,,,
,,,,,,,,,,,,,,
,,,,,,,,,,,,,,
,,,,,,,,,,,,,,
,,,,,,,,,,,,,,
,,,,,,,,,,,,,,
,,,,,,,,,,,,,,
,,,,,,,,,,,,,,
,,,,,,,,,,,,,,
,,,,,,,,,,,,,,
,,,,,,,,,,,,,,
,,,,,,,,,,,,,,
,,,,,,,,,,,,,,
,,,,,,,,,,,,,,
,,,,,,,,,,,,,,
,,,,,,,,,,,,,,
,,,,,,,,,,,,,,
,,,,,,,,,,,,,,
,,,,,,,,,,,,,,
,,,,,,,,,,,,,,
,,,,,,,,,,,,,,
,,,,,,,,,,,,,,
,,,,,,,,,,,,,,
,,,,,,,,,,,,,,
,,,,,,,,,,,,,,
,,,,,,,,,,,,,,
,,,,,,,,,,,,,,
,,,,,,,,,,,,,,
,,,,,,,,,,,,,,
,,,,,,,,,,,,,,
,,,,,,,,,,,,,,
,,,,,,,,,,,,,,
,,,,,,,,,,,,,,
,,,,,,,,,,,,,,
,,,,,,,,,,,,,,
,,,,,,,,,,,,,,
,,,,,,,,,,,,,,
,,,,,,,,,,,,,,
,,,,,,,,,,,,,,
,,,,,,,,,,,,,,
,,,,,,,,,,,,,,
,,,,,,,,,,,,,,
,,,,,,,,,,,,,,
,,,,,,,,,,,,,,
,,,,,,,,,,,,,,
,,,,,,,,,,,,,,
,,,,,,,,,,,,,,
,,,,,,,,,,,,,,
,,,,,,,,,,,,,,
,,,,,,,,,,,,,,
,,,,,,,,,,,,,,
,,,,,,,,,,,,,,
,,,,,,,,,,,,,,
,,,,,,,,,,,,,,
,,,,,,,,,,,,,,
,,,,,,,,,,,,,,
,,,,,,,,,,,,,,
,,,,,,,,,,,,,,
,,,,,,,,,,,,,,
,,,,,,,,,,,,,,
,,,,,,,,,,,,,,
,,,,,,,,,,,,,,
,,,,,,,,,,,,,,
,,,,,,,,,,,,,,
,,,,,,,,,,,,,,
,,,,,,,,,,,,,,
,,,,,,,,,,,,,,
,,,,,,,,,,,,,,
,,,,,,,,,,,,,,
,,,,,,,,,,,,,,
,,,,,,,,,,,,,,
,,,,,,,,,,,,,,
,,,,,,,,,,,,,,
,,,,,,,,,,,,,,
,,,,,,,,,,,,,,
,,,,,,,,,,,,,,
,,,,,,,,,,,,,,
,,,,,,,,,,,,,,
,,,,,,,,,,,,,,
,,,,,,,,,,,,,,
,,,,,,,,,,,,,,
,,,,,,,,,,,,,,
,,,,,,,,,,,,,,
,,,,,,,,,,,,,,
,,,,,,,,,,,,,,
,,,,,,,,,,,,,,
,,,,,,,,,,,,,,
,,,,,,,,,,,,,,
,,,,,,,,,,,,,,
,,,,,,,,,,,,,,
,,,,,,,,,,,,,,
,,,,,,,,,,,,,,
,,,,,,,,,,,,,,
,,,,,,,,,,,,,,
,,,,,,,,,,,,,,
,,,,,,,,,,,,,,
,,,,,,,,,,,,,,
,,,,,,,,,,,,,,
,,,,,,,,,,,,,,
,,,,,,,,,,,,,,
,,,,,,,,,,,,,,
,,,,,,,,,,,,,,
,,,,,,,,,,,,,,
,,,,,,,,,,,,,,
,,,,,,,,,,,,,,
,,,,,,,,,,,,,,
,,,,,,,,,,,,,,
,,,,,,,,,,,,,,
,,,,,,,,,,,,,,
,,,,,,,,,,,,,,
,,,,,,,,,,,,,,
,,,,,,,,,,,,,,
,,,,,,,,,,,,,,
,,,,,,,,,,,,,,
,,,,,,,,,,,,,,
,,,,,,,,,,,,,,
,,,,,,,,,,,,,,
,,,,,,,,,,,,,,
,,,,,,,,,,,,,,
,,,,,,,,,,,,,,
,,,,,,,,,,,,,,
,,,,,,,,,,,,,,
,,,,,,,,,,,,,,
,,,,,,,,,,,,,,
,,,,,,,,,,,,,,
,,,,,,,,,,,,,,
,,,,,,,,,,,,,,
,,,,,,,,,,,,,,
,,,,,,,,,,,,,,
,,,,,,,,,,,,,,
,,,,,,,,,,,,,,
,,,,,,,,,,,,,,
,,,,,,,,,,,,,,
,,,,,,,,,,,,,,
,,,,,,,,,,,,,,
,,,,,,,,,,,,,,
,,,,,,,,,,,,,,
,,,,,,,,,,,,,,
,,,,,,,,,,,,,,
,,,,,,,,,,,,,,
,,,,,,,,,,,,,,
,,,,,,,,,,,,,,
,,,,,,,,,,,,,,
,,,,,,,,,,,,,,
,,,,,,,,,,,,,,
,,,,,,,,,,,,,,
,,,,,,,,,,,,,,
,,,,,,,,,,,,,,
,,,,,,,,,,,,,,
,,,,,,,,,,,,,,
,,,,,,,,,,,,,,
,,,,,,,,,,,,,,
,,,,,,,,,,,,,,
,,,,,,,,,,,,,,
,,,,,,,,,,,,,,
,,,,,,,,,,,,,,
,,,,,,,,,,,,,,
,,,,,,,,,,,,,,
,,,,,,,,,,,,,,
,,,,,,,,,,,,,,
,,,,,,,,,,,,,,
,,,,,,,,,,,,,,
,,,,,,,,,,,,,,
,,,,,,,,,,,,,,
,,,,,,,,,,,,,,
,,,,,,,,,,,,,,
,,,,,,,,,,,,,,
,,,,,,,,,,,,,,
,,,,,,,,,,,,,,
,,,,,,,,,,,,,,
,,,,,,,,,,,,,,
,,,,,,,,,,,,,,
,,,,,,,,,,,,,,
,,,,,,,,,,,,,,
,,,,,,,,,,,,,,
,,,,,,,,,,,,,,
,,,,,,,,,,,,,,
,,,,,,,,,,,,,,
,,,,,,,,,,,,,,
,,,,,,,,,,,,,,
,,,,,,,,,,,,,,
,,,,,,,,,,,,,,
,,,,,,,,,,,,,,
,,,,,,,,,,,,,,
,,,,,,,,,,,,,,
,,,,,,,,,,,,,,
,,,,,,,,,,,,,,
,,,,,,,,,,,,,,
,,,,,,,,,,,,,,
,,,,,,,,,,,,,,
,,,,,,,,,,,,,,
,,,,,,,,,,,,,,
,,,,,,,,,,,,,,
,,,,,,,,,,,,,,
,,,,,,,,,,,,,,
,,,,,,,,,,,,,,
,,,,,,,,,,,,,,
,,,,,,,,,,,,,,
,,,,,,,,,,,,,,
,,,,,,,,,,,,,,
,,,,,,,,,,,,,,
,,,,,,,,,,,,,,
,,,,,,,,,,,,,,
,,,,,,,,,,,,,,
,,,,,,,,,,,,,,
,,,,,,,,,,,,,,
,,,,,,,,,,,,,,
,,,,,,,,,,,,,,
,,,,,,,,,,,,,,
,,,,,,,,,,,,,,
,,,,,,,,,,,,,,
,,,,,,,,,,,,,,
,,,,,,,,,,,,,,
,,,,,,,,,,,,,,
,,,,,,,,,,,,,,
,,,,,,,,,,,,,,
,,,,,,,,,,,,,,
,,,,,,,,,,,,,,
,,,,,,,,,,,,,,
,,,,,,,,,,,,,,
,,,,,,,,,,,,,,
,,,,,,,,,,,,,,
,,,,,,,,,,,,,,
,,,,,,,,,,,,,,
,,,,,,,,,,,,,,
,,,,,,,,,,,,,,
,,,,,,,,,,,,,,
,,,,,,,,,,,,,,
,,,,,,,,,,,,,,
,,,,,,,,,,,,,,
,,,,,,,,,,,,,,
,,,,,,,,,,,,,,
,,,,,,,,,,,,,,
,,,,,,,,,,,,,,
,,,,,,,,,,,,,,
,,,,,,,,,,,,,,
,,,,,,,,,,,,,,
,,,,,,,,,,,,,,
,,,,,,,,,,,,,,
,,,,,,,,,,,,,,
,,,,,,,,,,,,,,
,,,,,,,,,,,,,,
,,,,,,,,,,,,,,
,,,,,,,,,,,,,,
,,,,,,,,,,,,,,
,,,,,,,,,,,,,,
,,,,,,,,,,,,,,
,,,,,,,,,,,,,,
,,,,,,,,,,,,,,
,,,,,,,,,,,,,,
,,,,,,,,,,,,,,
,,,,,,,,,,,,,,
,,,,,,,,,,,,,,
,,,,,,,,,,,,,,
,,,,,,,,,,,,,,
,,,,,,,,,,,,,,
,,,,,,,,,,,,,,
,,,,,,,,,,,,,,
,,,,,,,,,,,,,,
,,,,,,,,,,,,,,
,,,,,,,,,,,,,,
,,,,,,,,,,,,,,
,,,,,,,,,,,,,,
,,,,,,,,,,,,,,
